Metric,Value
MSE,7.894268492236733e-05
RMSE,0.00888496960728439
MAE,0.006844206713140011
MAPE,84918.49365234375
R2,-0.1650400161743164
Directional Accuracy,50.1187648456057
